{"005 BF.png327488": {"filename": "005 BF.png", "size": 327488, "regions": [{"shape_attributes": {"name": "polygon", "all_points_x": [113, 116, 152, 149], "all_points_y": [45, 39, 51, 56]}, "region_attributes": {}}, {"shape_attributes": {"name": "polygon", "all_points_x": [101, 124, 126, 101], "all_points_y": [99, 103, 110, 108]}, "region_attributes": {}}, {"shape_attributes": {"name": "polygon", "all_points_x": [99, 124, 127, 101], "all_points_y": [140, 135, 141, 148]}, "region_attributes": {}}, {"shape_attributes": {"name": "polygon", "all_points_x": [152, 153, 177, 181], "all_points_y": [189, 183, 182, 188]}, "region_attributes": {}}, {"shape_attributes": {"name": "polygon", "all_points_x": [81, 80, 114, 112], "all_points_y": [232, 224, 225, 233]}, "region_attributes": {}}, {"shape_attributes": {"name": "polygon", "all_points_x": [112, 118, 147, 139], "all_points_y": [250, 244, 266, 273]}, "region_attributes": {}}, {"shape_attributes": {"name": "polygon", "all_points_x": [143, 152, 142, 135], "all_points_y": [320, 318, 295, 299]}, "region_attributes": {}}, {"shape_attributes": {"name": "polygon", "all_points_x": [150, 143, 152, 160], "all_points_y": [342, 320, 318, 341]}, "region_attributes": {}}, {"shape_attributes": {"name": "polygon", "all_points_x": [110, 109, 129, 132], "all_points_y": [350, 340, 336, 344]}, "region_attributes": {}}, {"shape_attributes": {"name": "polygon", "all_points_x": [165, 170, 198, 195], "all_points_y": [379, 369, 388, 395]}, "region_attributes": {}}, {"shape_attributes": {"name": "polygon", "all_points_x": [165, 202, 203, 169], "all_points_y": [421, 410, 420, 430]}, "region_attributes": {}}, {"shape_attributes": {"name": "polygon", "all_points_x": [214, 191, 182, 206], "all_points_y": [392, 368, 375, 400]}, "region_attributes": {}}, {"shape_attributes": {"name": "polygon", "all_points_x": [242, 270, 273, 247], "all_points_y": [404, 394, 402, 414]}, "region_attributes": {}}, {"shape_attributes": {"name": "polygon", "all_points_x": [226, 258, 261, 231], "all_points_y": [430, 417, 424, 440]}, "region_attributes": {}}, {"shape_attributes": {"name": "polygon", "all_points_x": [123, 131, 101, 95], "all_points_y": [467, 460, 440, 448]}, "region_attributes": {}}, {"shape_attributes": {"name": "polygon", "all_points_x": [12, 44, 44, 12], "all_points_y": [480, 477, 486, 487]}, "region_attributes": {}}, {"shape_attributes": {"name": "polygon", "all_points_x": [134, 144, 156, 151], "all_points_y": [456, 452, 479, 483]}, "region_attributes": {}}, {"shape_attributes": {"name": "polygon", "all_points_x": [8, 8, 47, 46], "all_points_y": [479, 468, 473, 479]}, "region_attributes": {}}, {"shape_attributes": {"name": "polygon", "all_points_x": [55, 74, 82, 64], "all_points_y": [468, 437, 442, 472]}, "region_attributes": {}}, {"shape_attributes": {"name": "polygon", "all_points_x": [158, 158, 187, 185], "all_points_y": [441, 431, 429, 440]}, "region_attributes": {}}, {"shape_attributes": {"name": "polygon", "all_points_x": [78, 77, 112, 114], "all_points_y": [425, 414, 408, 417]}, "region_attributes": {}}, {"shape_attributes": {"name": "polygon", "all_points_x": [17, 20, 58, 52], "all_points_y": [465, 457, 466, 475]}, "region_attributes": {}}, {"shape_attributes": {"name": "polygon", "all_points_x": [100, 100, 124, 123], "all_points_y": [319, 309, 310, 320]}, "region_attributes": {}}, {"shape_attributes": {"name": "polygon", "all_points_x": [117, 116, 142, 144], "all_points_y": [335, 325, 322, 331]}, "region_attributes": {}}, {"shape_attributes": {"name": "polygon", "all_points_x": [172, 174, 219, 214], "all_points_y": [346, 337, 348, 356]}, "region_attributes": {}}, {"shape_attributes": {"name": "polygon", "all_points_x": [219, 223, 258, 256], "all_points_y": [358, 349, 361, 367]}, "region_attributes": {}}, {"shape_attributes": {"name": "polygon", "all_points_x": [268, 274, 249, 248], "all_points_y": [366, 361, 347, 355]}, "region_attributes": {}}, {"shape_attributes": {"name": "polygon", "all_points_x": [148, 150, 189, 185], "all_points_y": [252, 242, 253, 261]}, "region_attributes": {}}, {"shape_attributes": {"name": "polygon", "all_points_x": [139, 140, 161, 160], "all_points_y": [290, 281, 284, 293]}, "region_attributes": {}}, {"shape_attributes": {"name": "polygon", "all_points_x": [182, 162, 162, 177], "all_points_y": [285, 282, 293, 294]}, "region_attributes": {}}, {"shape_attributes": {"name": "polygon", "all_points_x": [152, 155, 163, 162], "all_points_y": [255, 284, 286, 258]}, "region_attributes": {}}, {"shape_attributes": {"name": "polygon", "all_points_x": [56, 51, 59, 65], "all_points_y": [217, 232, 236, 220]}, "region_attributes": {}}, {"shape_attributes": {"name": "polygon", "all_points_x": [148, 155, 136, 129], "all_points_y": [429, 422, 410, 415]}, "region_attributes": {}}, {"shape_attributes": {"name": "polygon", "all_points_x": [332, 334, 342, 340], "all_points_y": [410, 382, 384, 410]}, "region_attributes": {}}, {"shape_attributes": {"name": "polygon", "all_points_x": [266, 264, 293, 297], "all_points_y": [354, 344, 334, 344]}, "region_attributes": {}}, {"shape_attributes": {"name": "polygon", "all_points_x": [190, 191, 202, 199], "all_points_y": [330, 299, 300, 331]}, "region_attributes": {}}, {"shape_attributes": {"name": "polygon", "all_points_x": [223, 222, 229, 231], "all_points_y": [320, 294, 294, 321]}, "region_attributes": {}}, {"shape_attributes": {"name": "polygon", "all_points_x": [207, 200, 216, 223], "all_points_y": [319, 312, 294, 299]}, "region_attributes": {}}, {"shape_attributes": {"name": "polygon", "all_points_x": [229, 232, 214, 211], "all_points_y": [277, 270, 260, 266]}, "region_attributes": {}}, {"shape_attributes": {"name": "polygon", "all_points_x": [251, 251, 233, 230], "all_points_y": [283, 274, 270, 278]}, "region_attributes": {}}, {"shape_attributes": {"name": "polygon", "all_points_x": [423, 429, 452, 446], "all_points_y": [359, 351, 365, 374]}, "region_attributes": {}}, {"shape_attributes": {"name": "polygon", "all_points_x": [358, 368, 358, 347], "all_points_y": [397, 396, 369, 373]}, "region_attributes": {}}, {"shape_attributes": {"name": "polygon", "all_points_x": [373, 402, 410, 380], "all_points_y": [456, 434, 443, 467]}, "region_attributes": {}}, {"shape_attributes": {"name": "polygon", "all_points_x": [394, 399, 436, 429], "all_points_y": [482, 473, 498, 507]}, "region_attributes": {}}, {"shape_attributes": {"name": "polygon", "all_points_x": [357, 354, 393, 398], "all_points_y": [486, 476, 463, 472]}, "region_attributes": {}}, {"shape_attributes": {"name": "polygon", "all_points_x": [366, 373, 381, 374], "all_points_y": [415, 414, 445, 450]}, "region_attributes": {}}, {"shape_attributes": {"name": "polygon", "all_points_x": [415, 424, 417, 409], "all_points_y": [386, 387, 420, 420]}, "region_attributes": {}}, {"shape_attributes": {"name": "polygon", "all_points_x": [430, 450, 459, 440], "all_points_y": [414, 386, 392, 420]}, "region_attributes": {}}, {"shape_attributes": {"name": "polygon", "all_points_x": [472, 504, 510, 478], "all_points_y": [430, 409, 416, 439]}, "region_attributes": {}}, {"shape_attributes": {"name": "polygon", "all_points_x": [394, 398, 377, 372], "all_points_y": [404, 398, 380, 390]}, "region_attributes": {}}, {"shape_attributes": {"name": "polygon", "all_points_x": [386, 378, 366, 375], "all_points_y": [426, 431, 400, 397]}, "region_attributes": {}}, {"shape_attributes": {"name": "polygon", "all_points_x": [407, 409, 424, 424], "all_points_y": [342, 332, 335, 346]}, "region_attributes": {}}, {"shape_attributes": {"name": "polygon", "all_points_x": [440, 442, 422, 424], "all_points_y": [348, 336, 335, 344]}, "region_attributes": {}}, {"shape_attributes": {"name": "polygon", "all_points_x": [280, 282, 313, 311], "all_points_y": [366, 355, 359, 366]}, "region_attributes": {}}, {"shape_attributes": {"name": "polygon", "all_points_x": [396, 396, 418, 416], "all_points_y": [316, 304, 308, 316]}, "region_attributes": {}}, {"shape_attributes": {"name": "polygon", "all_points_x": [397, 396, 434, 433], "all_points_y": [432, 422, 425, 429]}, "region_attributes": {}}, {"shape_attributes": {"name": "polygon", "all_points_x": [293, 298, 320, 315], "all_points_y": [234, 228, 232, 244]}, "region_attributes": {}}, {"shape_attributes": {"name": "polygon", "all_points_x": [362, 358, 387, 388], "all_points_y": [260, 252, 248, 256]}, "region_attributes": {}}, {"shape_attributes": {"name": "polygon", "all_points_x": [334, 340, 365, 368, 347, 337], "all_points_y": [344, 339, 336, 344, 352, 348]}, "region_attributes": {}}, {"shape_attributes": {"name": "polygon", "all_points_x": [410, 426, 432, 419], "all_points_y": [242, 215, 216, 246]}, "region_attributes": {}}, {"shape_attributes": {"name": "polygon", "all_points_x": [468, 466, 490, 494], "all_points_y": [215, 206, 197, 205]}, "region_attributes": {}}, {"shape_attributes": {"name": "polygon", "all_points_x": [430, 430, 472, 468], "all_points_y": [174, 165, 175, 185]}, "region_attributes": {}}, {"shape_attributes": {"name": "polygon", "all_points_x": [396, 392, 428, 432], "all_points_y": [219, 210, 192, 201]}, "region_attributes": {}}, {"shape_attributes": {"name": "polygon", "all_points_x": [445, 440, 460, 466], "all_points_y": [314, 306, 294, 302]}, "region_attributes": {}}, {"shape_attributes": {"name": "polygon", "all_points_x": [288, 293, 264, 264], "all_points_y": [324, 317, 312, 320]}, "region_attributes": {}}, {"shape_attributes": {"name": "polygon", "all_points_x": [318, 312, 340, 343], "all_points_y": [115, 107, 94, 100]}, "region_attributes": {}}, {"shape_attributes": {"name": "polygon", "all_points_x": [296, 288, 310, 315], "all_points_y": [163, 159, 136, 142]}, "region_attributes": {}}, {"shape_attributes": {"name": "polygon", "all_points_x": [239, 235, 260, 263], "all_points_y": [184, 178, 167, 174]}, "region_attributes": {}}, {"shape_attributes": {"name": "polygon", "all_points_x": [188, 191, 219, 216], "all_points_y": [190, 182, 191, 200]}, "region_attributes": {}}, {"shape_attributes": {"name": "polygon", "all_points_x": [232, 228, 256, 259], "all_points_y": [166, 157, 148, 154]}, "region_attributes": {}}, {"shape_attributes": {"name": "polygon", "all_points_x": [225, 226, 261, 260], "all_points_y": [143, 135, 143, 149]}, "region_attributes": {}}, {"shape_attributes": {"name": "polygon", "all_points_x": [280, 276, 298, 304], "all_points_y": [103, 95, 84, 88]}, "region_attributes": {}}, {"shape_attributes": {"name": "polygon", "all_points_x": [285, 285, 313, 313], "all_points_y": [82, 74, 78, 85]}, "region_attributes": {}}, {"shape_attributes": {"name": "polygon", "all_points_x": [357, 356, 379, 383], "all_points_y": [96, 87, 82, 87]}, "region_attributes": {}}, {"shape_attributes": {"name": "polygon", "all_points_x": [402, 404, 430, 428], "all_points_y": [142, 132, 140, 149]}, "region_attributes": {}}, {"shape_attributes": {"name": "polygon", "all_points_x": [396, 397, 430, 430], "all_points_y": [181, 171, 175, 183]}, "region_attributes": {}}, {"shape_attributes": {"name": "polygon", "all_points_x": [462, 466, 481, 477], "all_points_y": [145, 152, 142, 136]}, "region_attributes": {}}, {"shape_attributes": {"name": "polygon", "all_points_x": [390, 404, 398, 382], "all_points_y": [170, 148, 143, 167]}, "region_attributes": {}}, {"shape_attributes": {"name": "polygon", "all_points_x": [249, 262, 270, 254], "all_points_y": [62, 49, 54, 67]}, "region_attributes": {}}, {"shape_attributes": {"name": "polygon", "all_points_x": [190, 194, 216, 214], "all_points_y": [217, 209, 218, 225]}, "region_attributes": {}}, {"shape_attributes": {"name": "polygon", "all_points_x": [103, 108, 125, 119], "all_points_y": [206, 200, 216, 221]}, "region_attributes": {}}, {"shape_attributes": {"name": "polygon", "all_points_x": [69, 74, 102, 101], "all_points_y": [159, 153, 168, 176]}, "region_attributes": {}}, {"shape_attributes": {"name": "polygon", "all_points_x": [107, 105, 112, 114], "all_points_y": [196, 171, 171, 196]}, "region_attributes": {}}, {"shape_attributes": {"name": "polygon", "all_points_x": [310, 341, 342, 312], "all_points_y": [88, 84, 92, 98]}, "region_attributes": {}}, {"shape_attributes": {"name": "polygon", "all_points_x": [322, 318, 293, 299], "all_points_y": [359, 367, 352, 345]}, "region_attributes": {}}, {"shape_attributes": {"name": "polygon", "all_points_x": [330, 334, 314, 308], "all_points_y": [427, 422, 403, 408]}, "region_attributes": {}}, {"shape_attributes": {"name": "polygon", "all_points_x": [99, 75, 78, 104], "all_points_y": [347, 340, 333, 340]}, "region_attributes": {}}, {"shape_attributes": {"name": "polygon", "all_points_x": [377, 384, 369, 365], "all_points_y": [300, 295, 281, 284]}, "region_attributes": {}}, {"shape_attributes": {"name": "polygon", "all_points_x": [437, 441, 420, 418], "all_points_y": [274, 267, 260, 267]}, "region_attributes": {}}, {"shape_attributes": {"name": "polygon", "all_points_x": [473, 492, 484, 466], "all_points_y": [309, 291, 285, 304]}, "region_attributes": {}}, {"shape_attributes": {"name": "polygon", "all_points_x": [490, 494, 468, 464], "all_points_y": [397, 392, 370, 376]}, "region_attributes": {}}, {"shape_attributes": {"name": "polygon", "all_points_x": [308, 316, 321, 314], "all_points_y": [312, 314, 290, 286]}, "region_attributes": {}}, {"shape_attributes": {"name": "polygon", "all_points_x": [237, 236, 208, 207], "all_points_y": [212, 204, 208, 214]}, "region_attributes": {}}, {"shape_attributes": {"name": "polygon", "all_points_x": [282, 286, 316, 313], "all_points_y": [44, 38, 53, 60]}, "region_attributes": {}}, {"shape_attributes": {"name": "polygon", "all_points_x": [352, 352, 382, 380], "all_points_y": [40, 32, 31, 39]}, "region_attributes": {}}, {"shape_attributes": {"name": "polygon", "all_points_x": [469, 468, 500, 499], "all_points_y": [90, 81, 82, 90]}, "region_attributes": {}}, {"shape_attributes": {"name": "polygon", "all_points_x": [335, 346, 352, 343], "all_points_y": [157, 134, 136, 158]}, "region_attributes": {}}, {"shape_attributes": {"name": "polygon", "all_points_x": [290, 289, 315, 316], "all_points_y": [190, 179, 174, 181]}, "region_attributes": {}}, {"shape_attributes": {"name": "polygon", "all_points_x": [264, 264, 294, 294], "all_points_y": [164, 156, 150, 158]}, "region_attributes": {}}, {"shape_attributes": {"name": "polygon", "all_points_x": [262, 264, 295, 292], "all_points_y": [176, 168, 174, 181]}, "region_attributes": {}}, {"shape_attributes": {"name": "polygon", "all_points_x": [260, 264, 240, 237], "all_points_y": [331, 323, 316, 323]}, "region_attributes": {}}, {"shape_attributes": {"name": "polygon", "all_points_x": [143, 141, 174, 174], "all_points_y": [407, 398, 391, 400]}, "region_attributes": {}}, {"shape_attributes": {"name": "polygon", "all_points_x": [36, 70, 66, 33], "all_points_y": [416, 408, 397, 407]}, "region_attributes": {}}, {"shape_attributes": {"name": "polygon", "all_points_x": [197, 223, 218, 194], "all_points_y": [41, 30, 25, 35]}, "region_attributes": {}}, {"shape_attributes": {"name": "polygon", "all_points_x": [322, 314, 317, 324], "all_points_y": [78, 77, 45, 46]}, "region_attributes": {}}, {"shape_attributes": {"name": "polygon", "all_points_x": [332, 328, 354, 355], "all_points_y": [84, 77, 68, 75]}, "region_attributes": {}}, {"shape_attributes": {"name": "polygon", "all_points_x": [358, 360, 340, 337], "all_points_y": [63, 56, 48, 52]}, "region_attributes": {}}, {"shape_attributes": {"name": "polygon", "all_points_x": [349, 372, 371, 344], "all_points_y": [94, 81, 74, 87]}, "region_attributes": {}}, {"shape_attributes": {"name": "polygon", "all_points_x": [428, 425, 396, 398], "all_points_y": [168, 174, 164, 156]}, "region_attributes": {}}, {"shape_attributes": {"name": "polygon", "all_points_x": [350, 357, 348, 343], "all_points_y": [242, 243, 271, 270]}, "region_attributes": {}}, {"shape_attributes": {"name": "polygon", "all_points_x": [352, 362, 349, 340], "all_points_y": [304, 306, 337, 333]}, "region_attributes": {}}, {"shape_attributes": {"name": "polygon", "all_points_x": [251, 252, 214, 213], "all_points_y": [386, 397, 395, 385]}, "region_attributes": {}}, {"shape_attributes": {"name": "polygon", "all_points_x": [283, 284, 308, 312], "all_points_y": [310, 299, 298, 305]}, "region_attributes": {}}, {"shape_attributes": {"name": "polygon", "all_points_x": [309, 298, 306, 316], "all_points_y": [338, 311, 306, 334]}, "region_attributes": {}}, {"shape_attributes": {"name": "polygon", "all_points_x": [416, 416, 396, 396], "all_points_y": [274, 264, 262, 271]}, "region_attributes": {}}, {"shape_attributes": {"name": "polygon", "all_points_x": [460, 460, 496, 495], "all_points_y": [281, 271, 273, 282]}, "region_attributes": {}}, {"shape_attributes": {"name": "polygon", "all_points_x": [446, 442, 472, 477], "all_points_y": [249, 255, 271, 267]}, "region_attributes": {}}, {"shape_attributes": {"name": "polygon", "all_points_x": [474, 506, 501, 472], "all_points_y": [254, 260, 272, 265]}, "region_attributes": {}}, {"shape_attributes": {"name": "polygon", "all_points_x": [427, 434, 443, 439], "all_points_y": [384, 378, 398, 404]}, "region_attributes": {}}, {"shape_attributes": {"name": "polygon", "all_points_x": [435, 479, 482, 438], "all_points_y": [484, 476, 486, 494]}, "region_attributes": {}}, {"shape_attributes": {"name": "polygon", "all_points_x": [500, 482, 490, 507], "all_points_y": [498, 469, 464, 493]}, "region_attributes": {}}, {"shape_attributes": {"name": "polygon", "all_points_x": [437, 463, 470, 443], "all_points_y": [472, 462, 468, 480]}, "region_attributes": {}}, {"shape_attributes": {"name": "polygon", "all_points_x": [335, 346, 359, 350], "all_points_y": [492, 486, 508, 512]}, "region_attributes": {}}, {"shape_attributes": {"name": "polygon", "all_points_x": [203, 204, 222, 222], "all_points_y": [60, 54, 56, 63]}, "region_attributes": {}}, {"shape_attributes": {"name": "polygon", "all_points_x": [239, 242, 224, 221], "all_points_y": [66, 58, 56, 63]}, "region_attributes": {}}, {"shape_attributes": {"name": "polygon", "all_points_x": [224, 228, 212, 209], "all_points_y": [109, 104, 96, 101]}, "region_attributes": {}}, {"shape_attributes": {"name": "polygon", "all_points_x": [192, 196, 177, 172], "all_points_y": [152, 148, 136, 142]}, "region_attributes": {}}, {"shape_attributes": {"name": "polygon", "all_points_x": [252, 251, 276, 274], "all_points_y": [120, 112, 109, 117]}, "region_attributes": {}}, {"shape_attributes": {"name": "polygon", "all_points_x": [296, 299, 274, 274], "all_points_y": [121, 115, 110, 118]}, "region_attributes": {}}, {"shape_attributes": {"name": "polygon", "all_points_x": [273, 298, 299, 269], "all_points_y": [33, 36, 29, 26]}, "region_attributes": {}}, {"shape_attributes": {"name": "polygon", "all_points_x": [324, 325, 297, 301], "all_points_y": [31, 28, 28, 35]}, "region_attributes": {}}, {"shape_attributes": {"name": "polygon", "all_points_x": [387, 346, 347, 388], "all_points_y": [22, 26, 18, 15]}, "region_attributes": {}}, {"shape_attributes": {"name": "polygon", "all_points_x": [127, 159, 159, 124], "all_points_y": [386, 383, 373, 379]}, "region_attributes": {}}, {"shape_attributes": {"name": "polygon", "all_points_x": [413, 390, 398, 422], "all_points_y": [370, 390, 398, 380]}, "region_attributes": {}}, {"shape_attributes": {"name": "polygon", "all_points_x": [399, 424, 421, 397], "all_points_y": [339, 354, 363, 352]}, "region_attributes": {}}, {"shape_attributes": {"name": "polygon", "all_points_x": [382, 386, 367, 360], "all_points_y": [364, 356, 345, 352]}, "region_attributes": {}}, {"shape_attributes": {"name": "polygon", "all_points_x": [305, 303, 322, 327], "all_points_y": [274, 280, 286, 279]}, "region_attributes": {}}, {"shape_attributes": {"name": "polygon", "all_points_x": [462, 466, 433, 430], "all_points_y": [199, 207, 218, 211]}, "region_attributes": {}}, {"shape_attributes": {"name": "polygon", "all_points_x": [455, 452, 429, 434], "all_points_y": [194, 184, 194, 202]}, "region_attributes": {}}, {"shape_attributes": {"name": "polygon", "all_points_x": [410, 411, 421, 426, 416], "all_points_y": [222, 222, 210, 213, 227]}, "region_attributes": {}}, {"shape_attributes": {"name": "polygon", "all_points_x": [434, 427, 421, 430], "all_points_y": [204, 214, 210, 201]}, "region_attributes": {}}, {"shape_attributes": {"name": "polygon", "all_points_x": [348, 350, 375, 374], "all_points_y": [115, 107, 112, 118]}, "region_attributes": {}}, {"shape_attributes": {"name": "polygon", "all_points_x": [403, 402, 382, 382], "all_points_y": [114, 106, 110, 118]}, "region_attributes": {}}, {"shape_attributes": {"name": "polygon", "all_points_x": [488, 486, 476, 479], "all_points_y": [38, 16, 15, 38]}, "region_attributes": {}}, {"shape_attributes": {"name": "polygon", "all_points_x": [489, 488, 479, 481], "all_points_y": [60, 40, 40, 59]}, "region_attributes": {}}, {"shape_attributes": {"name": "polygon", "all_points_x": [179, 185, 206, 199], "all_points_y": [55, 50, 74, 78]}, "region_attributes": {}}, {"shape_attributes": {"name": "polygon", "all_points_x": [168, 156, 162, 173], "all_points_y": [125, 109, 105, 122]}, "region_attributes": {}}, {"shape_attributes": {"name": "polygon", "all_points_x": [114, 118, 140, 138], "all_points_y": [97, 88, 98, 104]}, "region_attributes": {}}, {"shape_attributes": {"name": "polygon", "all_points_x": [129, 119, 128, 133], "all_points_y": [179, 176, 154, 158]}, "region_attributes": {}}, {"shape_attributes": {"name": "polygon", "all_points_x": [82, 88, 109, 108], "all_points_y": [214, 206, 216, 221]}, "region_attributes": {}}, {"shape_attributes": {"name": "polygon", "all_points_x": [93, 94, 113, 112], "all_points_y": [374, 368, 370, 378]}, "region_attributes": {}}, {"shape_attributes": {"name": "polygon", "all_points_x": [51, 59, 52, 45], "all_points_y": [247, 234, 232, 244]}, "region_attributes": {}}, {"shape_attributes": {"name": "polygon", "all_points_x": [75, 74, 99, 98], "all_points_y": [321, 311, 310, 320]}, "region_attributes": {}}, {"shape_attributes": {"name": "polygon", "all_points_x": [35, 30, 50, 56], "all_points_y": [356, 350, 335, 342]}, "region_attributes": {}}, {"shape_attributes": {"name": "polygon", "all_points_x": [48, 44, 72, 74], "all_points_y": [386, 377, 367, 373]}, "region_attributes": {}}, {"shape_attributes": {"name": "polygon", "all_points_x": [59, 58, 82, 82], "all_points_y": [194, 188, 182, 190]}, "region_attributes": {}}, {"shape_attributes": {"name": "polygon", "all_points_x": [13, 32, 32, 12], "all_points_y": [196, 187, 181, 187]}, "region_attributes": {}}, {"shape_attributes": {"name": "polygon", "all_points_x": [16, 23, 47, 41], "all_points_y": [211, 203, 228, 234]}, "region_attributes": {}}, {"shape_attributes": {"name": "polygon", "all_points_x": [55, 49, 56, 62], "all_points_y": [115, 113, 84, 86]}, "region_attributes": {}}, {"shape_attributes": {"name": "polygon", "all_points_x": [77, 83, 52, 51], "all_points_y": [147, 139, 137, 145]}, "region_attributes": {}}, {"shape_attributes": {"name": "polygon", "all_points_x": [101, 94, 89, 96], "all_points_y": [119, 120, 86, 87]}, "region_attributes": {}}, {"shape_attributes": {"name": "polygon", "all_points_x": [115, 116, 91, 91], "all_points_y": [70, 61, 60, 66]}, "region_attributes": {}}, {"shape_attributes": {"name": "polygon", "all_points_x": [70, 83, 80, 64], "all_points_y": [105, 72, 65, 103]}, "region_attributes": {}}, {"shape_attributes": {"name": "polygon", "all_points_x": [9, 7, 41, 42], "all_points_y": [98, 87, 81, 89]}, "region_attributes": {}}, {"shape_attributes": {"name": "polygon", "all_points_x": [99, 99, 70, 68], "all_points_y": [28, 18, 21, 26]}, "region_attributes": {}}, {"shape_attributes": {"name": "polygon", "all_points_x": [192, 175, 179, 197], "all_points_y": [113, 102, 95, 107]}, "region_attributes": {}}, {"shape_attributes": {"name": "polygon", "all_points_x": [133, 136, 161, 160], "all_points_y": [90, 81, 92, 97]}, "region_attributes": {}}, {"shape_attributes": {"name": "polygon", "all_points_x": [276, 279, 306, 306], "all_points_y": [279, 271, 281, 290]}, "region_attributes": {}}, {"shape_attributes": {"name": "polygon", "all_points_x": [217, 241, 237, 213], "all_points_y": [126, 119, 113, 118]}, "region_attributes": {}}, {"shape_attributes": {"name": "polygon", "all_points_x": [153, 158, 151, 148], "all_points_y": [131, 112, 111, 129]}, "region_attributes": {}}, {"shape_attributes": {"name": "polygon", "all_points_x": [24, 23, 3, 3], "all_points_y": [174, 180, 178, 170]}, "region_attributes": {}}, {"shape_attributes": {"name": "polygon", "all_points_x": [116, 131, 127, 109], "all_points_y": [160, 146, 142, 157]}, "region_attributes": {}}, {"shape_attributes": {"name": "polygon", "all_points_x": [20, 24, 1, 0], "all_points_y": [374, 368, 359, 368]}, "region_attributes": {}}, {"shape_attributes": {"name": "polygon", "all_points_x": [492, 488, 503, 505], "all_points_y": [145, 140, 126, 130]}, "region_attributes": {}}, {"shape_attributes": {"name": "polygon", "all_points_x": [242, 243, 223, 222], "all_points_y": [91, 85, 78, 83]}, "region_attributes": {}}, {"shape_attributes": {"name": "polygon", "all_points_x": [193, 184, 180, 187], "all_points_y": [31, 16, 20, 35]}, "region_attributes": {}}, {"shape_attributes": {"name": "polygon", "all_points_x": [33, 33, 54, 55], "all_points_y": [55, 47, 48, 55]}, "region_attributes": {}}, {"shape_attributes": {"name": "polygon", "all_points_x": [38, 38, 73, 74], "all_points_y": [70, 63, 66, 72]}, "region_attributes": {}}, {"shape_attributes": {"name": "polygon", "all_points_x": [80, 84, 57, 51], "all_points_y": [50, 45, 34, 39]}, "region_attributes": {}}, {"shape_attributes": {"name": "polygon", "all_points_x": [237, 198, 202, 240], "all_points_y": [29, 26, 19, 23]}, "region_attributes": {}}, {"shape_attributes": {"name": "polygon", "all_points_x": [220, 220, 188, 187], "all_points_y": [141, 135, 136, 142]}, "region_attributes": {}}, {"shape_attributes": {"name": "polygon", "all_points_x": [198, 199, 170, 167], "all_points_y": [200, 192, 191, 198]}, "region_attributes": {}}, {"shape_attributes": {"name": "polygon", "all_points_x": [171, 184, 175, 164], "all_points_y": [281, 262, 256, 276]}, "region_attributes": {}}, {"shape_attributes": {"name": "polygon", "all_points_x": [68, 73, 89, 84], "all_points_y": [346, 340, 347, 354]}, "region_attributes": {}}, {"shape_attributes": {"name": "polygon", "all_points_x": [88, 105, 104, 89], "all_points_y": [355, 355, 347, 347]}, "region_attributes": {}}, {"shape_attributes": {"name": "polygon", "all_points_x": [93, 96, 71, 66], "all_points_y": [389, 383, 375, 381]}, "region_attributes": {}}, {"shape_attributes": {"name": "polygon", "all_points_x": [67, 103, 106, 67], "all_points_y": [475, 471, 480, 485]}, "region_attributes": {}}, {"shape_attributes": {"name": "polygon", "all_points_x": [135, 133, 102, 106], "all_points_y": [470, 460, 470, 478]}, "region_attributes": {}}, {"shape_attributes": {"name": "polygon", "all_points_x": [159, 167, 160, 153], "all_points_y": [452, 456, 495, 493]}, "region_attributes": {}}, {"shape_attributes": {"name": "polygon", "all_points_x": [161, 164, 195, 191], "all_points_y": [84, 78, 84, 90]}, "region_attributes": {}}, {"shape_attributes": {"name": "polygon", "all_points_x": [219, 218, 191, 190], "all_points_y": [93, 85, 85, 93]}, "region_attributes": {}}, {"shape_attributes": {"name": "polygon", "all_points_x": [268, 262, 251, 258], "all_points_y": [84, 80, 94, 97]}, "region_attributes": {}}, {"shape_attributes": {"name": "polygon", "all_points_x": [226, 204, 202, 226], "all_points_y": [72, 67, 71, 79]}, "region_attributes": {}}, {"shape_attributes": {"name": "polygon", "all_points_x": [298, 291, 301, 310], "all_points_y": [21, 18, 1, 2]}, "region_attributes": {}}, {"shape_attributes": {"name": "polygon", "all_points_x": [190, 187, 213, 215], "all_points_y": [10, 16, 22, 16]}, "region_attributes": {}}, {"shape_attributes": {"name": "polygon", "all_points_x": [41, 54, 50, 34], "all_points_y": [109, 93, 88, 103]}, "region_attributes": {}}, {"shape_attributes": {"name": "polygon", "all_points_x": [49, 58, 50, 40], "all_points_y": [158, 157, 131, 137]}, "region_attributes": {}}, {"shape_attributes": {"name": "polygon", "all_points_x": [34, 58, 51, 33], "all_points_y": [191, 180, 175, 185]}, "region_attributes": {}}, {"shape_attributes": {"name": "polygon", "all_points_x": [76, 78, 50, 49], "all_points_y": [174, 181, 190, 183]}, "region_attributes": {}}, {"shape_attributes": {"name": "polygon", "all_points_x": [42, 48, 63, 59], "all_points_y": [166, 161, 176, 180]}, "region_attributes": {}}, {"shape_attributes": {"name": "polygon", "all_points_x": [84, 104, 103, 81], "all_points_y": [195, 203, 210, 203]}, "region_attributes": {}}, {"shape_attributes": {"name": "polygon", "all_points_x": [24, 16, 14, 20], "all_points_y": [299, 300, 279, 277]}, "region_attributes": {}}, {"shape_attributes": {"name": "polygon", "all_points_x": [15, 18, 1, 0], "all_points_y": [347, 339, 333, 342]}, "region_attributes": {}}, {"shape_attributes": {"name": "polygon", "all_points_x": [27, 59, 56, 23], "all_points_y": [443, 451, 460, 451]}, "region_attributes": {}}, {"shape_attributes": {"name": "polygon", "all_points_x": [4, 4, 41, 38], "all_points_y": [443, 434, 439, 445]}, "region_attributes": {}}, {"shape_attributes": {"name": "polygon", "all_points_x": [3, 6, 29, 25], "all_points_y": [454, 446, 453, 460]}, "region_attributes": {}}, {"shape_attributes": {"name": "polygon", "all_points_x": [34, 38, 61, 58], "all_points_y": [499, 491, 499, 507]}, "region_attributes": {}}, {"shape_attributes": {"name": "polygon", "all_points_x": [192, 209, 213, 200], "all_points_y": [443, 414, 418, 443]}, "region_attributes": {}}, {"shape_attributes": {"name": "polygon", "all_points_x": [207, 209, 232, 229], "all_points_y": [332, 324, 329, 336]}, "region_attributes": {}}, {"shape_attributes": {"name": "polygon", "all_points_x": [175, 205, 203, 174], "all_points_y": [331, 337, 344, 337]}, "region_attributes": {}}, {"shape_attributes": {"name": "polygon", "all_points_x": [326, 318, 313, 318], "all_points_y": [317, 314, 331, 336]}, "region_attributes": {}}, {"shape_attributes": {"name": "polygon", "all_points_x": [208, 207, 232, 223, 199], "all_points_y": [281, 280, 291, 297, 286]}, "region_attributes": {}}, {"shape_attributes": {"name": "polygon", "all_points_x": [103, 102, 79, 79], "all_points_y": [14, 7, 13, 18]}, "region_attributes": {}}, {"shape_attributes": {"name": "polygon", "all_points_x": [32, 2, 2, 33], "all_points_y": [74, 74, 65, 66]}, "region_attributes": {}}, {"shape_attributes": {"name": "polygon", "all_points_x": [20, 24, 49, 40], "all_points_y": [158, 151, 162, 168]}, "region_attributes": {}}, {"shape_attributes": {"name": "polygon", "all_points_x": [165, 165, 183, 184], "all_points_y": [135, 128, 129, 136]}, "region_attributes": {}}, {"shape_attributes": {"name": "polygon", "all_points_x": [232, 235, 219, 217], "all_points_y": [225, 219, 215, 220]}, "region_attributes": {}}, {"shape_attributes": {"name": "polygon", "all_points_x": [261, 259, 230, 229], "all_points_y": [296, 286, 290, 297]}, "region_attributes": {}}, {"shape_attributes": {"name": "polygon", "all_points_x": [276, 255, 259, 278], "all_points_y": [267, 278, 285, 274]}, "region_attributes": {}}, {"shape_attributes": {"name": "polygon", "all_points_x": [284, 307, 302, 280], "all_points_y": [266, 272, 279, 272]}, "region_attributes": {}}, {"shape_attributes": {"name": "polygon", "all_points_x": [248, 254, 233, 231], "all_points_y": [343, 335, 330, 335]}, "region_attributes": {}}, {"shape_attributes": {"name": "polygon", "all_points_x": [224, 228, 250, 246], "all_points_y": [340, 335, 349, 355]}, "region_attributes": {}}, {"shape_attributes": {"name": "polygon", "all_points_x": [258, 285, 284, 260], "all_points_y": [338, 342, 335, 331]}, "region_attributes": {}}, {"shape_attributes": {"name": "polygon", "all_points_x": [288, 263, 262, 287], "all_points_y": [328, 322, 329, 335]}, "region_attributes": {}}, {"shape_attributes": {"name": "polygon", "all_points_x": [275, 266, 262, 271], "all_points_y": [405, 402, 430, 435]}, "region_attributes": {}}, {"shape_attributes": {"name": "polygon", "all_points_x": [209, 221, 214, 205], "all_points_y": [437, 423, 420, 434]}, "region_attributes": {}}, {"shape_attributes": {"name": "polygon", "all_points_x": [3, 6, 37, 36], "all_points_y": [167, 162, 168, 173]}, "region_attributes": {}}, {"shape_attributes": {"name": "polygon", "all_points_x": [259, 281, 285, 263], "all_points_y": [307, 308, 300, 300]}, "region_attributes": {}}, {"shape_attributes": {"name": "polygon", "all_points_x": [72, 76, 103, 102], "all_points_y": [488, 483, 485, 492]}, "region_attributes": {}}, {"shape_attributes": {"name": "polygon", "all_points_x": [189, 183, 224, 228], "all_points_y": [456, 447, 427, 436]}, "region_attributes": {}}, {"shape_attributes": {"name": "polygon", "all_points_x": [327, 324, 302, 306], "all_points_y": [272, 261, 265, 272]}, "region_attributes": {}}, {"shape_attributes": {"name": "polygon", "all_points_x": [284, 288, 303, 300], "all_points_y": [212, 205, 215, 222]}, "region_attributes": {}}, {"shape_attributes": {"name": "polygon", "all_points_x": [264, 289, 288, 268], "all_points_y": [189, 189, 183, 180]}, "region_attributes": {}}, {"shape_attributes": {"name": "polygon", "all_points_x": [292, 288, 328, 329], "all_points_y": [171, 164, 152, 159]}, "region_attributes": {}}, {"shape_attributes": {"name": "polygon", "all_points_x": [480, 479, 494, 497], "all_points_y": [123, 116, 113, 120]}, "region_attributes": {}}, {"shape_attributes": {"name": "polygon", "all_points_x": [447, 446, 470, 471], "all_points_y": [68, 61, 59, 65]}, "region_attributes": {}}, {"shape_attributes": {"name": "polygon", "all_points_x": [458, 454, 478, 478], "all_points_y": [54, 48, 37, 46]}, "region_attributes": {}}, {"shape_attributes": {"name": "polygon", "all_points_x": [454, 449, 474, 476], "all_points_y": [33, 25, 16, 24]}, "region_attributes": {}}, {"shape_attributes": {"name": "polygon", "all_points_x": [427, 439, 435, 420], "all_points_y": [39, 27, 21, 32]}, "region_attributes": {}}, {"shape_attributes": {"name": "polygon", "all_points_x": [396, 401, 367, 363], "all_points_y": [130, 125, 101, 104]}, "region_attributes": {}}, {"shape_attributes": {"name": "polygon", "all_points_x": [358, 363, 345, 339], "all_points_y": [142, 138, 120, 124]}, "region_attributes": {}}, {"shape_attributes": {"name": "polygon", "all_points_x": [328, 323, 340, 342], "all_points_y": [147, 141, 135, 140]}, "region_attributes": {}}, {"shape_attributes": {"name": "polygon", "all_points_x": [342, 360, 356, 336], "all_points_y": [312, 288, 283, 306]}, "region_attributes": {}}, {"shape_attributes": {"name": "polygon", "all_points_x": [379, 382, 357, 353], "all_points_y": [276, 269, 264, 270]}, "region_attributes": {}}, {"shape_attributes": {"name": "polygon", "all_points_x": [370, 379, 347, 341], "all_points_y": [316, 326, 343, 336]}, "region_attributes": {}}, {"shape_attributes": {"name": "polygon", "all_points_x": [374, 375, 396, 395], "all_points_y": [309, 302, 306, 317]}, "region_attributes": {}}, {"shape_attributes": {"name": "polygon", "all_points_x": [404, 400, 417, 421], "all_points_y": [252, 260, 266, 259]}, "region_attributes": {}}, {"shape_attributes": {"name": "polygon", "all_points_x": [467, 465, 485, 485], "all_points_y": [228, 219, 217, 225]}, "region_attributes": {}}, {"shape_attributes": {"name": "polygon", "all_points_x": [438, 433, 461, 463], "all_points_y": [164, 158, 140, 148]}, "region_attributes": {}}, {"shape_attributes": {"name": "polygon", "all_points_x": [337, 346, 336, 328], "all_points_y": [257, 254, 227, 228]}, "region_attributes": {}}, {"shape_attributes": {"name": "polygon", "all_points_x": [282, 254, 256, 288, 288], "all_points_y": [129, 135, 141, 139, 133]}, "region_attributes": {}}, {"shape_attributes": {"name": "polygon", "all_points_x": [291, 263, 260, 293, 294], "all_points_y": [140, 141, 146, 149, 143]}, "region_attributes": {}}, {"shape_attributes": {"name": "polygon", "all_points_x": [380, 350, 353, 384], "all_points_y": [64, 76, 82, 71]}, "region_attributes": {}}, {"shape_attributes": {"name": "polygon", "all_points_x": [352, 367, 373, 361], "all_points_y": [471, 437, 440, 476]}, "region_attributes": {}}, {"shape_attributes": {"name": "polygon", "all_points_x": [268, 263, 292, 295], "all_points_y": [489, 481, 461, 466]}, "region_attributes": {}}, {"shape_attributes": {"name": "polygon", "all_points_x": [267, 278, 285, 273], "all_points_y": [504, 479, 480, 507]}, "region_attributes": {}}, {"shape_attributes": {"name": "polygon", "all_points_x": [288, 276, 271, 285], "all_points_y": [492, 512, 507, 487]}, "region_attributes": {}}, {"shape_attributes": {"name": "polygon", "all_points_x": [314, 320, 312, 303], "all_points_y": [482, 485, 512, 511]}, "region_attributes": {}}, {"shape_attributes": {"name": "polygon", "all_points_x": [129, 136, 113, 109], "all_points_y": [425, 418, 405, 414]}, "region_attributes": {}}, {"shape_attributes": {"name": "polygon", "all_points_x": [170, 140, 139, 165], "all_points_y": [411, 404, 412, 423]}, "region_attributes": {}}, {"shape_attributes": {"name": "polygon", "all_points_x": [119, 116, 134, 137], "all_points_y": [400, 405, 413, 408]}, "region_attributes": {}}, {"shape_attributes": {"name": "polygon", "all_points_x": [118, 116, 137, 138], "all_points_y": [391, 399, 403, 397]}, "region_attributes": {}}, {"shape_attributes": {"name": "polygon", "all_points_x": [162, 136, 136, 164], "all_points_y": [387, 391, 397, 395]}, "region_attributes": {}}, {"shape_attributes": {"name": "polygon", "all_points_x": [131, 130, 157, 156], "all_points_y": [392, 386, 383, 389]}, "region_attributes": {}}, {"shape_attributes": {"name": "polygon", "all_points_x": [328, 322, 334, 340], "all_points_y": [182, 179, 158, 160]}, "region_attributes": {}}, {"shape_attributes": {"name": "polygon", "all_points_x": [212, 206, 233, 236], "all_points_y": [510, 503, 491, 496]}, "region_attributes": {}}, {"shape_attributes": {"name": "polygon", "all_points_x": [133, 155, 150, 124], "all_points_y": [510, 493, 487, 509]}, "region_attributes": {}}, {"shape_attributes": {"name": "polygon", "all_points_x": [399, 403, 429, 423], "all_points_y": [506, 497, 504, 511]}, "region_attributes": {}}, {"shape_attributes": {"name": "polygon", "all_points_x": [385, 360, 366, 391], "all_points_y": [506, 496, 490, 500]}, "region_attributes": {}}, {"shape_attributes": {"name": "polygon", "all_points_x": [414, 420, 450, 443], "all_points_y": [446, 440, 466, 471]}, "region_attributes": {}}, {"shape_attributes": {"name": "polygon", "all_points_x": [478, 476, 441, 440], "all_points_y": [463, 454, 455, 462]}, "region_attributes": {}}, {"shape_attributes": {"name": "polygon", "all_points_x": [382, 385, 411, 407], "all_points_y": [409, 401, 408, 417]}, "region_attributes": {}}, {"shape_attributes": {"name": "polygon", "all_points_x": [304, 311, 337, 334], "all_points_y": [421, 414, 438, 441]}, "region_attributes": {}}, {"shape_attributes": {"name": "polygon", "all_points_x": [274, 280, 276, 262, 269], "all_points_y": [45, 39, 35, 47, 54]}, "region_attributes": {}}, {"shape_attributes": {"name": "polygon", "all_points_x": [260, 237, 233, 260, 265], "all_points_y": [75, 65, 72, 83, 77]}, "region_attributes": {}}, {"shape_attributes": {"name": "polygon", "all_points_x": [360, 340, 344, 365, 363], "all_points_y": [438, 445, 452, 447, 440]}, "region_attributes": {}}, {"shape_attributes": {"name": "polygon", "all_points_x": [320, 315, 337, 343, 332], "all_points_y": [475, 471, 444, 449, 465]}, "region_attributes": {}}, {"shape_attributes": {"name": "polygon", "all_points_x": [324, 325, 356, 355], "all_points_y": [476, 466, 470, 480]}, "region_attributes": {}}, {"shape_attributes": {"name": "polygon", "all_points_x": [283, 261, 263, 286], "all_points_y": [459, 475, 479, 465]}, "region_attributes": {}}, {"shape_attributes": {"name": "polygon", "all_points_x": [506, 509, 476, 473], "all_points_y": [237, 231, 225, 231]}, "region_attributes": {}}, {"shape_attributes": {"name": "polygon", "all_points_x": [511, 482, 482, 511], "all_points_y": [249, 250, 240, 237]}, "region_attributes": {}}, {"shape_attributes": {"name": "polygon", "all_points_x": [401, 369, 366, 401], "all_points_y": [197, 188, 194, 205]}, "region_attributes": {}}, {"shape_attributes": {"name": "polygon", "all_points_x": [347, 341, 349, 354], "all_points_y": [216, 213, 184, 187]}, "region_attributes": {}}, {"shape_attributes": {"name": "polygon", "all_points_x": [287, 307, 305, 284], "all_points_y": [196, 206, 212, 202]}, "region_attributes": {}}, {"shape_attributes": {"name": "polygon", "all_points_x": [412, 405, 423, 428], "all_points_y": [38, 30, 17, 24]}, "region_attributes": {}}, {"shape_attributes": {"name": "polygon", "all_points_x": [481, 444, 446, 485], "all_points_y": [5, 18, 27, 9]}, "region_attributes": {}}, {"shape_attributes": {"name": "polygon", "all_points_x": [445, 435, 440, 455], "all_points_y": [1, 21, 26, 7]}, "region_attributes": {}}, {"shape_attributes": {"name": "polygon", "all_points_x": [334, 325, 332, 338], "all_points_y": [25, 22, 6, 8]}, "region_attributes": {}}, {"shape_attributes": {"name": "polygon", "all_points_x": [157, 163, 178, 174], "all_points_y": [87, 82, 95, 101]}, "region_attributes": {}}, {"shape_attributes": {"name": "polygon", "all_points_x": [231, 220, 212, 222], "all_points_y": [405, 398, 415, 421]}, "region_attributes": {}}, {"shape_attributes": {"name": "polygon", "all_points_x": [206, 207, 237, 232], "all_points_y": [113, 119, 112, 108]}, "region_attributes": {}}, {"shape_attributes": {"name": "polygon", "all_points_x": [292, 260, 263, 290], "all_points_y": [288, 289, 282, 283]}, "region_attributes": {}}, {"shape_attributes": {"name": "polygon", "all_points_x": [199, 201, 229, 229], "all_points_y": [463, 455, 454, 463]}, "region_attributes": {}}, {"shape_attributes": {"name": "polygon", "all_points_x": [266, 241, 238, 263], "all_points_y": [436, 446, 440, 428]}, "region_attributes": {}}, {"shape_attributes": {"name": "polygon", "all_points_x": [312, 293, 285, 304], "all_points_y": [454, 482, 478, 453]}, "region_attributes": {}}, {"shape_attributes": {"name": "polygon", "all_points_x": [285, 321, 324, 289], "all_points_y": [443, 432, 439, 450]}, "region_attributes": {}}, {"shape_attributes": {"name": "polygon", "all_points_x": [384, 377, 384, 390], "all_points_y": [146, 142, 118, 121]}, "region_attributes": {}}, {"shape_attributes": {"name": "polygon", "all_points_x": [15, 20, 1, 0], "all_points_y": [405, 396, 384, 392]}, "region_attributes": {}}, {"shape_attributes": {"name": "polygon", "all_points_x": [40, 18, 18, 38], "all_points_y": [379, 381, 376, 371]}, "region_attributes": {}}, {"shape_attributes": {"name": "polygon", "all_points_x": [51, 52, 80, 80], "all_points_y": [358, 350, 355, 362]}, "region_attributes": {}}, {"shape_attributes": {"name": "polygon", "all_points_x": [102, 69, 69, 100], "all_points_y": [403, 406, 399, 398]}, "region_attributes": {}}, {"shape_attributes": {"name": "polygon", "all_points_x": [24, 31, 2, 2], "all_points_y": [117, 112, 99, 107]}, "region_attributes": {}}, {"shape_attributes": {"name": "polygon", "all_points_x": [176, 208, 208, 173], "all_points_y": [73, 79, 84, 79]}, "region_attributes": {}}, {"shape_attributes": {"name": "polygon", "all_points_x": [244, 271, 276, 249], "all_points_y": [29, 39, 33, 20]}, "region_attributes": {}}, {"shape_attributes": {"name": "polygon", "all_points_x": [111, 80, 84, 116], "all_points_y": [90, 70, 62, 84]}, "region_attributes": {}}, {"shape_attributes": {"name": "polygon", "all_points_x": [62, 69, 65, 59], "all_points_y": [73, 73, 106, 105]}, "region_attributes": {}}, {"shape_attributes": {"name": "polygon", "all_points_x": [117, 128, 121, 111], "all_points_y": [202, 182, 177, 197]}, "region_attributes": {}}, {"shape_attributes": {"name": "polygon", "all_points_x": [182, 176, 198, 202], "all_points_y": [486, 482, 452, 454]}, "region_attributes": {}}, {"shape_attributes": {"name": "polygon", "all_points_x": [305, 322, 326, 311], "all_points_y": [486, 444, 447, 483]}, "region_attributes": {}}, {"shape_attributes": {"name": "polygon", "all_points_x": [107, 108, 144, 141, 107], "all_points_y": [487, 487, 476, 467, 479]}, "region_attributes": {}}, {"shape_attributes": {"name": "polygon", "all_points_x": [82, 80, 50, 54], "all_points_y": [497, 488, 490, 496]}, "region_attributes": {}}, {"shape_attributes": {"name": "polygon", "all_points_x": [78, 83, 60, 56], "all_points_y": [511, 505, 498, 504]}, "region_attributes": {}}, {"shape_attributes": {"name": "polygon", "all_points_x": [311, 321, 319, 306], "all_points_y": [20, 23, 52, 50]}, "region_attributes": {}}, {"shape_attributes": {"name": "polygon", "all_points_x": [321, 314, 320, 326], "all_points_y": [189, 188, 161, 162]}, "region_attributes": {}}, {"shape_attributes": {"name": "polygon", "all_points_x": [350, 341, 353, 359], "all_points_y": [234, 232, 196, 197]}, "region_attributes": {}}, {"shape_attributes": {"name": "polygon", "all_points_x": [371, 372, 359, 352, 364], "all_points_y": [208, 206, 224, 219, 202]}, "region_attributes": {}}, {"shape_attributes": {"name": "polygon", "all_points_x": [375, 373, 357, 358], "all_points_y": [222, 214, 220, 227]}, "region_attributes": {}}, {"shape_attributes": {"name": "polygon", "all_points_x": [323, 320, 333, 339], "all_points_y": [234, 232, 211, 216]}, "region_attributes": {}}, {"shape_attributes": {"name": "polygon", "all_points_x": [342, 333, 340, 348], "all_points_y": [187, 212, 215, 190]}, "region_attributes": {}}, {"shape_attributes": {"name": "polygon", "all_points_x": [433, 463, 463, 431], "all_points_y": [226, 220, 213, 217]}, "region_attributes": {}}, {"shape_attributes": {"name": "polygon", "all_points_x": [487, 511, 511, 488], "all_points_y": [159, 161, 149, 150]}, "region_attributes": {}}, {"shape_attributes": {"name": "polygon", "all_points_x": [491, 511, 511, 494], "all_points_y": [182, 187, 177, 175]}, "region_attributes": {}}, {"shape_attributes": {"name": "polygon", "all_points_x": [499, 494, 453, 454, 479], "all_points_y": [76, 69, 71, 81, 80]}, "region_attributes": {}}, {"shape_attributes": {"name": "polygon", "all_points_x": [380, 375, 354, 367], "all_points_y": [508, 500, 511, 511]}, "region_attributes": {}}, {"shape_attributes": {"name": "polygon", "all_points_x": [393, 373, 371, 392], "all_points_y": [495, 485, 492, 498]}, "region_attributes": {}}, {"shape_attributes": {"name": "polygon", "all_points_x": [417, 418, 394, 393], "all_points_y": [462, 451, 450, 458]}, "region_attributes": {}}, {"shape_attributes": {"name": "polygon", "all_points_x": [468, 440, 443, 476], "all_points_y": [448, 431, 425, 443]}, "region_attributes": {}}, {"shape_attributes": {"name": "polygon", "all_points_x": [498, 476, 478, 498], "all_points_y": [462, 448, 441, 454]}, "region_attributes": {}}, {"shape_attributes": {"name": "polygon", "all_points_x": [507, 509, 502, 498], "all_points_y": [461, 437, 435, 462]}, "region_attributes": {}}, {"shape_attributes": {"name": "polygon", "all_points_x": [491, 482, 508, 511], "all_points_y": [447, 439, 417, 425]}, "region_attributes": {}}, {"shape_attributes": {"name": "polygon", "all_points_x": [508, 511, 487, 482], "all_points_y": [403, 394, 377, 384]}, "region_attributes": {}}, {"shape_attributes": {"name": "polygon", "all_points_x": [511, 490, 490, 510], "all_points_y": [360, 357, 349, 348]}, "region_attributes": {}}, {"shape_attributes": {"name": "polygon", "all_points_x": [474, 473, 447, 446], "all_points_y": [418, 409, 407, 413]}, "region_attributes": {}}, {"shape_attributes": {"name": "polygon", "all_points_x": [429, 430, 474, 473], "all_points_y": [422, 413, 422, 429]}, "region_attributes": {}}, {"shape_attributes": {"name": "polygon", "all_points_x": [467, 468, 438, 437], "all_points_y": [389, 379, 374, 382]}, "region_attributes": {}}, {"shape_attributes": {"name": "polygon", "all_points_x": [403, 406, 383, 381], "all_points_y": [364, 356, 350, 356]}, "region_attributes": {}}, {"shape_attributes": {"name": "polygon", "all_points_x": [374, 399, 396, 372], "all_points_y": [338, 347, 354, 347]}, "region_attributes": {}}, {"shape_attributes": {"name": "polygon", "all_points_x": [376, 396, 397, 378], "all_points_y": [260, 262, 270, 267]}, "region_attributes": {}}, {"shape_attributes": {"name": "polygon", "all_points_x": [510, 496, 499, 511], "all_points_y": [108, 114, 120, 114]}, "region_attributes": {}}, {"shape_attributes": {"name": "polygon", "all_points_x": [426, 423, 417, 419], "all_points_y": [1, 18, 17, 1]}, "region_attributes": {}}, {"shape_attributes": {"name": "polygon", "all_points_x": [402, 400, 374, 376], "all_points_y": [79, 68, 76, 82]}, "region_attributes": {}}, {"shape_attributes": {"name": "polygon", "all_points_x": [380, 355, 356, 381], "all_points_y": [54, 56, 62, 62]}, "region_attributes": {}}, {"shape_attributes": {"name": "polygon", "all_points_x": [339, 367, 367, 333, 335], "all_points_y": [63, 63, 69, 69, 64]}, "region_attributes": {}}, {"shape_attributes": {"name": "polygon", "all_points_x": [262, 231, 231, 265], "all_points_y": [128, 127, 133, 134]}, "region_attributes": {}}, {"shape_attributes": {"name": "polygon", "all_points_x": [145, 140, 170, 172], "all_points_y": [155, 149, 135, 142]}, "region_attributes": {}}, {"shape_attributes": {"name": "polygon", "all_points_x": [31, 26, 47, 48], "all_points_y": [34, 25, 13, 21]}, "region_attributes": {}}, {"shape_attributes": {"name": "polygon", "all_points_x": [76, 53, 58, 81], "all_points_y": [8, 23, 28, 14]}, "region_attributes": {}}, {"shape_attributes": {"name": "polygon", "all_points_x": [46, 35, 30, 41], "all_points_y": [267, 237, 239, 267]}, "region_attributes": {}}, {"shape_attributes": {"name": "polygon", "all_points_x": [58, 42, 36, 49], "all_points_y": [263, 236, 239, 264]}, "region_attributes": {}}, {"shape_attributes": {"name": "polygon", "all_points_x": [62, 53, 45, 57], "all_points_y": [289, 266, 268, 289]}, "region_attributes": {}}, {"shape_attributes": {"name": "polygon", "all_points_x": [78, 73, 57, 64], "all_points_y": [284, 281, 292, 293]}, "region_attributes": {}}, {"shape_attributes": {"name": "polygon", "all_points_x": [52, 43, 75, 81], "all_points_y": [316, 312, 289, 293]}, "region_attributes": {}}, {"shape_attributes": {"name": "polygon", "all_points_x": [46, 67, 64, 43], "all_points_y": [327, 317, 310, 320]}, "region_attributes": {}}, {"shape_attributes": {"name": "polygon", "all_points_x": [19, 43, 38, 17], "all_points_y": [329, 320, 312, 322]}, "region_attributes": {}}, {"shape_attributes": {"name": "polygon", "all_points_x": [40, 31, 22, 28], "all_points_y": [310, 316, 287, 286]}, "region_attributes": {}}, {"shape_attributes": {"name": "polygon", "all_points_x": [45, 49, 32, 30], "all_points_y": [284, 280, 264, 269]}, "region_attributes": {}}, {"shape_attributes": {"name": "polygon", "all_points_x": [8, 22, 19, 6], "all_points_y": [228, 220, 214, 224]}, "region_attributes": {}}, {"shape_attributes": {"name": "polygon", "all_points_x": [8, 24, 24, 7], "all_points_y": [242, 239, 229, 236]}, "region_attributes": {}}, {"shape_attributes": {"name": "polygon", "all_points_x": [28, 35, 10, 7], "all_points_y": [254, 248, 240, 248]}, "region_attributes": {}}, {"shape_attributes": {"name": "polygon", "all_points_x": [3, 32, 33, 8], "all_points_y": [274, 265, 259, 265]}, "region_attributes": {}}, {"shape_attributes": {"name": "polygon", "all_points_x": [2, 24, 19, 2], "all_points_y": [307, 310, 317, 318]}, "region_attributes": {}}, {"shape_attributes": {"name": "polygon", "all_points_x": [130, 113, 113, 129], "all_points_y": [372, 372, 378, 378]}, "region_attributes": {}}, {"shape_attributes": {"name": "polygon", "all_points_x": [101, 103, 76, 79], "all_points_y": [394, 388, 393, 398]}, "region_attributes": {}}, {"shape_attributes": {"name": "polygon", "all_points_x": [49, 13, 9, 47], "all_points_y": [435, 425, 432, 442]}, "region_attributes": {}}, {"shape_attributes": {"name": "polygon", "all_points_x": [115, 144, 140, 113], "all_points_y": [493, 484, 477, 485]}, "region_attributes": {}}, {"shape_attributes": {"name": "polygon", "all_points_x": [121, 147, 145, 117], "all_points_y": [501, 487, 480, 493]}, "region_attributes": {}}, {"shape_attributes": {"name": "polygon", "all_points_x": [111, 119, 110, 105], "all_points_y": [511, 499, 497, 509]}, "region_attributes": {}}, {"shape_attributes": {"name": "polygon", "all_points_x": [214, 191, 166, 164, 191, 220], "all_points_y": [487, 494, 491, 497, 502, 492]}, "region_attributes": {}}, {"shape_attributes": {"name": "polygon", "all_points_x": [174, 165, 165, 169], "all_points_y": [449, 444, 477, 478]}, "region_attributes": {}}, {"shape_attributes": {"name": "polygon", "all_points_x": [256, 289, 284, 257], "all_points_y": [459, 453, 443, 454]}, "region_attributes": {}}, {"shape_attributes": {"name": "polygon", "all_points_x": [324, 340, 335, 318, 321], "all_points_y": [289, 294, 300, 294, 286]}, "region_attributes": {}}, {"shape_attributes": {"name": "polygon", "all_points_x": [349, 325, 325, 351], "all_points_y": [285, 291, 284, 279]}, "region_attributes": {}}, {"shape_attributes": {"name": "polygon", "all_points_x": [344, 325, 321, 346], "all_points_y": [276, 281, 275, 270]}, "region_attributes": {}}, {"shape_attributes": {"name": "polygon", "all_points_x": [340, 324, 325, 340], "all_points_y": [260, 265, 273, 268]}, "region_attributes": {}}, {"shape_attributes": {"name": "polygon", "all_points_x": [434, 455, 451, 432], "all_points_y": [254, 262, 268, 263]}, "region_attributes": {}}, {"shape_attributes": {"name": "polygon", "all_points_x": [414, 433, 432, 410], "all_points_y": [248, 255, 261, 254]}, "region_attributes": {}}, {"shape_attributes": {"name": "polygon", "all_points_x": [319, 326, 308, 305], "all_points_y": [223, 216, 209, 215]}, "region_attributes": {}}, {"shape_attributes": {"name": "polygon", "all_points_x": [321, 336, 328, 314], "all_points_y": [207, 181, 182, 204]}, "region_attributes": {}}, {"shape_attributes": {"name": "polygon", "all_points_x": [337, 327, 320, 336, 339], "all_points_y": [311, 318, 313, 299, 304]}, "region_attributes": {}}, {"shape_attributes": {"name": "polygon", "all_points_x": [442, 427, 425, 441], "all_points_y": [440, 441, 434, 431]}, "region_attributes": {}}, {"shape_attributes": {"name": "polygon", "all_points_x": [440, 465, 465, 441], "all_points_y": [447, 445, 452, 455]}, "region_attributes": {}}, {"shape_attributes": {"name": "polygon", "all_points_x": [406, 427, 428, 405], "all_points_y": [434, 434, 440, 441]}, "region_attributes": {}}, {"shape_attributes": {"name": "polygon", "all_points_x": [451, 427, 424, 449], "all_points_y": [505, 506, 511, 512]}, "region_attributes": {}}, {"shape_attributes": {"name": "polygon", "all_points_x": [417, 441, 437, 415], "all_points_y": [474, 479, 488, 482]}, "region_attributes": {}}, {"shape_attributes": {"name": "polygon", "all_points_x": [303, 299, 303, 316, 318, 309], "all_points_y": [487, 486, 466, 453, 458, 469]}, "region_attributes": {}}, {"shape_attributes": {"name": "polygon", "all_points_x": [253, 245, 247, 254, 271, 273], "all_points_y": [473, 471, 465, 466, 457, 460]}, "region_attributes": {}}, {"shape_attributes": {"name": "polygon", "all_points_x": [255, 261, 254, 247], "all_points_y": [482, 484, 511, 511]}, "region_attributes": {}}, {"shape_attributes": {"name": "polygon", "all_points_x": [246, 253, 247, 242], "all_points_y": [476, 477, 506, 507]}, "region_attributes": {}}, {"shape_attributes": {"name": "polygon", "all_points_x": [304, 258, 262, 290, 307, 315, 314], "all_points_y": [411, 449, 452, 431, 419, 413, 407]}, "region_attributes": {}}, {"shape_attributes": {"name": "polygon", "all_points_x": [235, 243, 223, 221], "all_points_y": [453, 449, 434, 441]}, "region_attributes": {}}, {"shape_attributes": {"name": "polygon", "all_points_x": [222, 232, 254, 258, 236, 223], "all_points_y": [468, 468, 450, 456, 473, 473]}, "region_attributes": {}}, {"shape_attributes": {"name": "polygon", "all_points_x": [275, 275, 302, 301], "all_points_y": [456, 463, 452, 446]}, "region_attributes": {}}, {"shape_attributes": {"name": "polygon", "all_points_x": [346, 338, 349, 354], "all_points_y": [453, 457, 473, 466]}, "region_attributes": {}}, {"shape_attributes": {"name": "polygon", "all_points_x": [65, 65, 101, 100], "all_points_y": [416, 407, 405, 413]}, "region_attributes": {}}, {"shape_attributes": {"name": "polygon", "all_points_x": [16, 16, 56, 54], "all_points_y": [356, 366, 367, 356]}, "region_attributes": {}}, {"shape_attributes": {"name": "polygon", "all_points_x": [82, 55, 54, 82], "all_points_y": [362, 360, 367, 369]}, "region_attributes": {}}, {"shape_attributes": {"name": "polygon", "all_points_x": [379, 372, 381, 388], "all_points_y": [178, 171, 149, 149]}, "region_attributes": {}}, {"shape_attributes": {"name": "polygon", "all_points_x": [362, 368, 362, 358], "all_points_y": [173, 142, 140, 174]}, "region_attributes": {}}, {"shape_attributes": {"name": "polygon", "all_points_x": [371, 369, 354, 359], "all_points_y": [175, 167, 190, 197]}, "region_attributes": {}}, {"shape_attributes": {"name": "polygon", "all_points_x": [372, 368, 367, 373, 376], "all_points_y": [143, 146, 163, 164, 149]}, "region_attributes": {}}, {"shape_attributes": {"name": "polygon", "all_points_x": [337, 343, 332, 326], "all_points_y": [183, 186, 212, 212]}, "region_attributes": {}}, {"shape_attributes": {"name": "polygon", "all_points_x": [307, 310, 292, 288], "all_points_y": [202, 197, 193, 198]}, "region_attributes": {}}, {"shape_attributes": {"name": "polygon", "all_points_x": [271, 267, 302, 297], "all_points_y": [197, 190, 189, 195]}, "region_attributes": {}}, {"shape_attributes": {"name": "polygon", "all_points_x": [104, 77, 74, 100], "all_points_y": [379, 368, 373, 382]}, "region_attributes": {}}, {"shape_attributes": {"name": "polygon", "all_points_x": [40, 57, 63, 40], "all_points_y": [369, 365, 371, 378]}, "region_attributes": {}}, {"shape_attributes": {"name": "polygon", "all_points_x": [45, 23, 23, 46], "all_points_y": [174, 174, 179, 180]}, "region_attributes": {}}, {"shape_attributes": {"name": "polygon", "all_points_x": [490, 475, 481, 490], "all_points_y": [132, 136, 141, 136]}, "region_attributes": {}}, {"shape_attributes": {"name": "polygon", "all_points_x": [510, 491, 490, 507], "all_points_y": [67, 60, 67, 74]}, "region_attributes": {}}, {"shape_attributes": {"name": "polygon", "all_points_x": [436, 406, 405, 440], "all_points_y": [69, 63, 54, 61]}, "region_attributes": {}}, {"shape_attributes": {"name": "polygon", "all_points_x": [416, 416, 400, 398], "all_points_y": [159, 154, 152, 154]}, "region_attributes": {}}, {"shape_attributes": {"name": "polygon", "all_points_x": [352, 347, 346, 352], "all_points_y": [175, 177, 147, 142]}, "region_attributes": {}}, {"shape_attributes": {"name": "polygon", "all_points_x": [358, 351, 355, 360], "all_points_y": [160, 156, 142, 143]}, "region_attributes": {}}, {"shape_attributes": {"name": "polygon", "all_points_x": [259, 251, 244, 252], "all_points_y": [105, 110, 91, 87]}, "region_attributes": {}}, {"shape_attributes": {"name": "polygon", "all_points_x": [232, 236, 219, 208], "all_points_y": [14, 9, 0, 1]}, "region_attributes": {}}, {"shape_attributes": {"name": "polygon", "all_points_x": [247, 243, 224], "all_points_y": [6, 10, 1]}, "region_attributes": {}}, {"shape_attributes": {"name": "polygon", "all_points_x": [171, 172, 164, 156], "all_points_y": [10, 9, 1, 1]}, "region_attributes": {}}, {"shape_attributes": {"name": "polygon", "all_points_x": [183, 176, 169, 178], "all_points_y": [12, 1, 1, 15]}, "region_attributes": {}}, {"shape_attributes": {"name": "polygon", "all_points_x": [402, 402, 379, 379], "all_points_y": [41, 34, 32, 40]}, "region_attributes": {}}, {"shape_attributes": {"name": "polygon", "all_points_x": [494, 495, 511, 511], "all_points_y": [221, 227, 227, 219]}, "region_attributes": {}}, {"shape_attributes": {"name": "polygon", "all_points_x": [446, 462, 466, 450], "all_points_y": [140, 132, 136, 146]}, "region_attributes": {}}, {"shape_attributes": {"name": "polygon", "all_points_x": [330, 322, 327, 335], "all_points_y": [42, 41, 25, 25]}, "region_attributes": {}}, {"shape_attributes": {"name": "polygon", "all_points_x": [492, 497, 511, 500], "all_points_y": [502, 495, 510, 512]}, "region_attributes": {}}, {"shape_attributes": {"name": "polygon", "all_points_x": [292, 290, 275, 279], "all_points_y": [295, 291, 292, 299]}, "region_attributes": {}}, {"shape_attributes": {"name": "polygon", "all_points_x": [186, 182, 208, 211], "all_points_y": [91, 96, 113, 108]}, "region_attributes": {}}, {"shape_attributes": {"name": "polygon", "all_points_x": [19, 15, 35, 39], "all_points_y": [127, 120, 106, 111]}, "region_attributes": {}}, {"shape_attributes": {"name": "polygon", "all_points_x": [47, 46, 75, 74], "all_points_y": [34, 25, 21, 28]}, "region_attributes": {}}, {"shape_attributes": {"name": "polygon", "all_points_x": [180, 173, 172, 178], "all_points_y": [456, 456, 479, 477]}, "region_attributes": {}}], "file_attributes": {}}}